degree,lambda,Train ERMS,Val ERMS,Test ERMS
2,0.0,0.40543361117240684,0.4209883961651199,0.4246877457635413
3,0.0,0.39793803390131505,0.4259728215447879,0.4381641550059978
4,0.0,0.3898921630857276,0.43960353653760903,0.4459626400153704
